registradoEm,valorCentavos,forma,pesoGramas,origem
2026-07-29T21:45:39.000Z,25,moeda,7.5,simulado
2026-07-30T12:12:24.000Z,10,moeda,12.2,simulado
2026-07-30T15:05:47.000Z,500,cedula,13.2,simulado
2026-07-30T18:56:12.000Z,200,cedula,14.2,simulado
2026-08-02T15:27:09.000Z,5,moeda,33.2,simulado
2026-08-02T15:28:33.000Z,100,moeda,29,simulado
2026-08-02T20:50:15.000Z,50,moeda,22,simulado
2026-08-03T14:07:51.000Z,100,moeda,47.9,simulado
2026-08-03T18:31:33.000Z,50,moeda,40.9,simulado
2026-08-04T19:24:54.000Z,100,moeda,55,simulado
2026-08-06T12:19:07.000Z,5,moeda,66.1,simulado
2026-08-06T21:06:20.000Z,100,moeda,62.1,simulado
2026-08-06T21:11:08.000Z,10,moeda,70.9,simulado
2026-08-07T15:23:55.000Z,500,cedula,71.9,simulado
2026-08-07T20:04:10.000Z,100,moeda,79.9,simulado
2026-08-07T20:22:17.000Z,200,cedula,72.9,simulado
2026-08-08T13:43:44.000Z,25,moeda,87.5,simulado
2026-08-08T20:11:53.000Z,10,moeda,92.3,simulado
2026-08-12T21:02:49.000Z,50,moeda,100.1,simulado
2026-08-13T12:19:32.000Z,10,moeda,105,simulado
2026-08-15T12:04:32.000Z,10,moeda,117.7,simulado
2026-08-15T15:10:10.000Z,100,moeda,112.9,simulado
2026-08-15T19:44:20.000Z,200,cedula,106,simulado
2026-08-16T14:34:04.000Z,50,moeda,125.5,simulado
2026-08-16T21:39:57.000Z,10,moeda,130.3,simulado
2026-08-17T20:56:03.000Z,500,cedula,131.3,simulado
2026-08-19T19:25:53.000Z,50,moeda,139.1,simulado
2026-08-19T21:39:16.000Z,5,moeda,143.3,simulado
2026-08-20T12:42:08.000Z,10,moeda,148,simulado
2026-08-20T16:43:00.000Z,100,moeda,162.1,simulado
2026-08-20T17:09:10.000Z,100,moeda,155,simulado
2026-08-21T12:28:43.000Z,25,moeda,173.6,simulado
2026-08-21T15:08:15.000Z,50,moeda,181.4,simulado
2026-08-21T21:46:22.000Z,5,moeda,166.2,simulado
2026-08-22T14:43:54.000Z,100,moeda,188.5,simulado
2026-08-26T14:17:37.000Z,25,moeda,196.1,simulado
2026-08-26T17:42:01.000Z,5,moeda,200.2,simulado
2026-08-28T19:51:34.000Z,5,moeda,204.4,simulado
2026-08-28T19:58:56.000Z,500,cedula,205.4,simulado
2026-08-29T21:56:15.000Z,100,moeda,212.4,simulado
2026-08-30T16:36:44.000Z,100,moeda,224.1,simulado
2026-08-30T21:39:31.000Z,10,moeda,217.1,simulado
2026-09-01T12:48:17.000Z,25,moeda,239.2,simulado
2026-09-01T14:55:47.000Z,25,moeda,231.7,simulado
2026-09-04T13:35:17.000Z,200,cedula,248,simulado
2026-09-04T14:14:34.000Z,50,moeda,247,simulado
2026-09-04T15:15:21.000Z,50,moeda,255.9,simulado
2026-09-05T20:23:47.000Z,100,moeda,270.4,simulado
2026-09-05T21:37:53.000Z,25,moeda,263.4,simulado
2026-09-06T17:29:17.000Z,10,moeda,275.2,simulado
2026-09-06T17:41:21.000Z,10,moeda,279.9,simulado
2026-09-10T19:22:48.000Z,100,moeda,293.7,simulado
2026-09-10T20:13:47.000Z,100,moeda,286.8,simulado
2026-09-12T16:13:23.000Z,100,moeda,300.7,simulado
2026-09-14T17:14:37.000Z,5,moeda,304.7,simulado
2026-09-14T17:36:01.000Z,25,moeda,312.2,simulado
2026-09-14T19:51:55.000Z,25,moeda,319.9,simulado
2026-09-15T12:55:35.000Z,5,moeda,324.1,simulado
2026-09-15T19:02:32.000Z,5,moeda,329.1,simulado
2026-09-15T21:43:22.000Z,500,cedula,325.1,simulado
2026-09-19T17:32:21.000Z,25,moeda,336.7,simulado
2026-09-19T18:51:31.000Z,10,moeda,341.6,simulado
2026-09-23T12:54:27.000Z,10,moeda,346.5,simulado
2026-09-24T18:01:35.000Z,25,moeda,354.1,simulado
2026-09-25T12:16:24.000Z,25,moeda,361.6,simulado
2026-09-25T14:53:06.000Z,1000,cedula,370.2,simulado
2026-09-25T16:37:21.000Z,25,moeda,369.2,simulado
